Nom,postal,INS
Aaigem,9420,41001
Aalbeke,8511,34001
AALST,9300,41002
Aalst (Limburg),3800,71001
AALTER,9880,44001
AARSCHOT,3200,24001
Aarsele,8700,37001
AARTSELAAR,2630,11001
Abée,4557,61001
Abolens,4280,64001
Achel,3930,72001
Achêne,5590,91001
Achet,5362,91002
Acosse,4219,64002
Acoz,6280,52001
Adegem,9991,43001
Adinkerke,8660,38001
AFFLIGEM,1790,23105
Afsnee,9051,44002
Agimont,5544,93001
Aineffe,4317,61002
Aische-en-Refail,5310,92001
Aiseau,6250,52002
AISEAU-PRESLES,6250,52074
Aisemont,5070,92002
ALKEN,3570,73001
Alle,5550,91003
Alleur,4432,62001
Alsemberg,1652,23001
ALVERINGEM,8690,38002
AMAY,4540,61003
Amberloup,6680,82001
Ambly,6953,91004
Ambresin,4219,64003
AMEL,4770,63001
Amonines,6997,83001
Amougies,7750,57001
Ampsin,4540,61004
ANDENNE,5300,92003
ANDERLECHT,1070,21001
ANDERLUES,6150,56001
Andrimont,4821,63002
Angleur,4031,62002
Angre,7387,53001
Angreau,7387,53002
ANHÉE,5537,91005
Anlier,6721,84001
Anloy,6890,84002
Annevoie-Rouillon,5537,91006
ANS,4430,62003
Anseremme,5500,91007
Anserœul,7750,57002
Anthée,5520,93002
Antheit,4520,61005
Anthisnes,4160,62004
ANTHISNES ,4160,61079
ANTOING,7640,57003
ANTWERPEN,2000,11002
Antwerpen 1,2000,
Antwerpen 2,2020,
Antwerpen 3,2030,
Antwerpen 4,2040,
Antwerpen 5,2050,
Antwerpen 6,2060,
Anvaing,7910,51001
ANZEGEM,8570,34002
Appels,9200,42001
Appelterre-Eichem,9400,41003
Arbre (-lez-Ath),7811,51002
Arbre (-lez-Fosses-la-Ville),5170,92004
Arbrefontaine,4990,82002
Arc-Ainières,7910,51003
Archennes,1390,25001
Ardooie,8850,36001
ARDOOIE ,8850,37020
ARENDONK,2370,13001
Argenteau,4601,62005
ARLON,6700,81001
Arquennes,7181,52003
Arsimont,5060,92005
Arville,6870,84003
AS,3665,71002
Aspelare,9404,41004
Asper,9890,44003
Asquillies,7040,53003
ASSE,1730,23002
Assebroek,8310,31002
ASSENEDE,9960,43002
Assenois,6860,84004
Assent,3460,24002
ASSESSE,5330,92006
Astene,9800,44004
ATH,7800,51004
Athis,7387,53004
Athus,6791,81002
Attenhoven,3404,24003
Attenrode,3384,24004
ATTERT,6717,81003
AUBANGE,6790,81004
Aubechies,7972,51006
AUBEL,4880,63003
Aublain,5660,93003
Auby-sur-Semois,6880,84005
AUDERGHEM,1160,21002
Audregnies,7382,53005
Aulnois,7040,53006
Autelbas,6706,81005
Auvelais,5060,92007
Ave-et-Auffe,5580,91008
Avekapelle,8630,38003
AVELGEM,8580,34003
Avennes,4260,64004
Averbode,3271,24005
Avernas-le-Bauduin,4280,64005
Avin,4280,64006
AWANS,4340,62006
Awenne,6870,84006
Awirs,4400,62007
Aye,6900,83002
Ayeneux,4630,62008
AYWAILLE,4920,62009
Baaigem,9890,44005
Baal,3128,24006
Baardegem,9310,41005
BAARLE-HERTOG,2387,13002
Baasrode,9200,42002
Bachte-Maria-Leerne,9800,44006
BAELEN,4837,63004
Bagimont,5550,84007
Baileux,6464,56002
Bailièvre,6460,56003
Baillamont,5555,91009
Bailleul,7730,57004
Baillonville,5377,91010
Baisieux,7380,53008
Baisy-Thy,1470,25003
Balegem,9860,44007
BALEN,2490,13003
Bambrugge,9420,41006
Bande,6951,83003
Barbençon,6500,56004
Barchon,4671,62010
Baronville,5570,91011
Barry,7534,57005
Barvaux (-sur-Ourthe),6940,83004
Barvaux-Condroz,5370,91012
Basècles,7971,51007
Bas-Oha,4520,61006
Basse-Bodeux,4983,63005
BASSENGE,4690,62011
Basse-Sambre,5060,92137
Bassevelde,9968,43003
Bassilly,7830,55001
BASTOGNE,6600,82003
Bas-Warneton,7784,54001
Batsheers,3870,73002
Battice,4651,63006
Battignies,7130,56090
Baudour,7331,53009
Bauffe,7870,53010
Baugnies,7604,57006
Baulers,1401,25004
Bavegem,9520,41007
Bavikhove,8531,34004
Bazel,9150,46001
Beaufays,4052,62012
BEAUMONT,6500,56005
BEAURAING,5570,91013
Beausaint,6980,83005
BEAUVECHAIN,1320,25005
Beauvoorde,8630,38030
Beauwelz,6594,56006
Béclers,7532,57007
Beek,3960,72002
Beerlegem,9630,45001
BEERNEM,8730,31003
BEERSE,2340,13004
BEERSEL,1650,23003
Beerst,8600,32001
Beert,1673,23004
Beervelde,9080,44008
Beerzel,2580,12001
Beez,5000,92009
Beffe,6987,83006
BEGIJNENDIJK,3130,24007
Beho,6672,82004
Beigem,1852,23005
Bekegem,8480,35001
Bekkerzeel,1730,23006
BEKKEVOORT,3460,24008
Belgrade,5001,92010
Bellaire,4610,62013
Bellecourt,7170,52004
Bellefontaine (Luxembourg),6730,85001
Bellefontaine (Namur),5555,91014
Bellegem,8510,34005
Bellem,9881,44009
Bellevaux,6834,84008
Bellevaux-Ligneuville,4960,63007
Bellingen,1674,23007
BELŒIL,7970,51008
Belsele,9111,46002
Ben-Ahin,4500,61007
Bende,6941,83007
Berbroek,3540,71003
Berchem (Antwerpen),2600,11003
Berchem (Oost-Vlaanderen),9690,45002
BERCHEM-SAINTE-AGATHE,1082,21003
Berendrecht,2040,11058
Berg (Limburg),3700,73003
Berg (Vlaams-Brabant),1910,23008
Bergilers,4360,64007
BERINGEN,3580,71004
BERLAAR,2590,12002
BERLARE,9290,42003
Berlingen,3830,73004
BERLOZ,4257,64008
Berneau,4607,62014
BERNISSART,7320,51009
Bersillies-l'Abbaye,6560,56007
BERTEM,3060,24009
BERTOGNE,6687,82005
BERTRIX,6880,84009
Berzée,5651,93004
Beselare,8980,33001
Betekom,3130,24010
Bettincourt,4300,64010
Beuzet,5030,92011
Bevel,2560,12003
BEVER,1547,23009
Bévercé,4960,63008
Bevere,9700,45003
Beveren-aan-den-Ijzer,8691,38004
Beveren-bij-Roeselare,8800,36002
Beveren-op-de-Leie,8791,34006
BEVEREN-WAAS,9120,46003
Beverlo,3581,71005
Beverst,3740,73005
BEYNE-HEUSAY,4610,62015
Bienne-lez-Happart,6543,56008
BIERBEEK,3360,24011
Biercée,6533,56009
Bierges,1301,25006
Bierghes,1430,25007
Bierset,4460,62016
Bierwart,5380,92012
Biesme,5640,92013
Biesmerée,5640,93005
Biesme-sous-Thuin,6531,56010
BIÈVRE,5555,91015
Biez,1390,25008
Bihain,6690,82006
Bikschote,8920,33002
Bilstain,4831,63009
BILZEN,3740,73006
BINCHE,7130,56011
Binderveld,3850,71006
Binkom,3211,24012
Bioul,5537,91016
Bissegem,8501,34007
Blaasveld,2830,12004
Blaimont,5542,91017
Blandain,7522,57008
Blanden,3052,24013
BLANKENBERGE,8370,31004
Blaregnies,7040,53011
Blaton,7321,57009
Blaugies,7370,53012
BLEGNY,4670,62119
BLÉGNY,4670,62119
Bléharies,7620,57010
Blehen,4280,64011
Bleid,6760,85002
Bleret,4300,64012
Blicquy,7903,51010
BOCHOLT,3950,72003
BOECHOUT,2530,11004
Boekhout,3890,71007
Boekhoute,9961,43004
Boëlhe,4250,64013
Boezinge,8904,33003
Bogaarden,1670,23010
Bohan,5550,91018
Boignée,5140,52005
Boirs,4690,62017
Bois-de-Lessines,7866,55002
Bois-de-Villers,5170,92014
Bois-d'Haine,7170,52006
Bois-et-Borsu,4560,61008
Bolinne,5310,92015
Bolland,4653,63010
Bomal,1367,25009
Bomal-sur-Ourthe,6941,83008
Bombaye,4607,62018
Bommershoven,3840,73007
Boncelles,4100,62019
Boneffe,5310,92016
BONHEIDEN,2820,12005
Boninne,5021,92017
Bonlez,1325,25010
Bonnert,6700,81006
Bonneville,5300,92018
Bon-Secours,7603,57011
Bonsin,5377,91019
Booischot,2221,12006
Booitshoeke,8630,38005
BOOM,2850,11005
Boorsem,3631,73008
BOORTMEERBEEK,3190,24014
Borchtlombeek,1761,23011
Borgerhout,2140,11006
BORGLOON,3840,73009
Borlez,4317,61009
Borlo,3891,71008
Borlon,6941,83009
BORNEM,2880,12007
Bornival,1404,25011
BORSBEEK,2150,11007
Borsbeke,9552,41008
Bossière,5032,92019
Bossuit,8583,34008
Bossut-Gottechain,1390,25012
Bost,3300,24015
Bothey,5032,92020
Bottelare,9820,44010
Bouffioulx,6200,52007
Bouge,5004,92021
Bougnies,7040,53013
BOUILLON,6830,84010
Bourlers,6464,56012
Bourseigne-Neuve,5575,91020
Bourseigne-Vieille,5575,91021
Boussoit,7110,55003
BOUSSU,7300,53014
Boussu-en-Fagne,5660,93006
Boussu-lez-Walcourt,6440,56013
Bousval,1470,25013
BOUTERSEM,3370,24016
Bouvignes-sur-Meuse,5500,91022
Bouvignies,7803,51011
Bouwel,2288,13005
Bovekerke,8680,32002
Bovelingen,3870,73103
Bovenistier,4300,64014
Bovesse,5081,92022
Bovigny,6671,82007
Bra,4990,63011
Braffe,7604,57012
Braibant,5590,91023
BRAINE-L'ALLEUD,1420,25014
BRAINE-LE-CHÂTEAU,1440,25015
BRAINE-LE-COMTE,7090,55004
BRAIVES,4260,64015
BRAKEL,9660,45059
Branchon,5310,92023
Bras,6800,84011
Brasménil,7604,57013
BRASSCHAAT,2930,11008
Bray,7130,55005
BRECHT,2960,11009
BREDENE,8450,35002
BREE,3960,72004
Breendonk,2870,12008
Bressoux,4020,62020
Brielen,8900,33004
Broechem,2520,11010
Broekom,3840,73010
BRUGELETTE,7940,51012
BRUGGE,8000,31005
Brûly,5660,93007
Brûly-de-Pesche,5660,93008
BRUNEHAUT,7620,57093
Brussegem,1785,23012
Brustem,3800,71009
BRUXELLES,1000,21004
Bruyelle,7641,57014
Brye,6222,52008
Budingen,3440,24017
BÜLLINGEN,4760,63012
BÜTGENBACH,4750,63013
BUGGENHOUT,9255,42004
Buissenal,7911,51013
Buissonville,5580,91024
Buizingen,1501,23013
Buken,1910,23014
Bulskamp,8630,38006
Bunsbeek,3380,24018
Burcht,2070,11011
BURDINNE,4210,61010
Bure,6927,91025
BURG-REULAND,4790,63087
Burst,9420,41009
Bury,7602,57015
Buvingen,3891,71010
Buvrinnes,7133,56014
Buzenol,6743,85003
Buzet,6230,52009
Callenelle,7604,57016
Calonne,7642,57017
Cambron-Casteau,7940,53015
Cambron-Saint-Vincent,7870,53016
Carlsbourg,6850,84012
Carnières,7141,56015
Casteau,7061,55006
Casteau (Mons),7020,
Casteau (Soignies),7061,
Castillon,5650,93009
CELLES (Hainaut),7760,57018
Celles (Liège),4317,64016
Celles (Namur),5561,91026
Cerexhe-Heuseux,4632,62021
CERFONTAINE,5630,93010
Céroux-Mousty,1341,25016
Chaineux,4650,63014
Chairière,5550,91027
Champion,5020,92024
Champlon,6971,83010
Chanly,6921,84013
Chantemelle,6742,85004
Chapelle-à-Oie,7903,57019
Chapelle-à-Wattines,7903,57020
CHAPELLE-LEZ-HERLAIMONT,7160,52010
Chapon-Seraing,4537,61011
CHARLEROI,6000,52011
Charneux,4654,63015
Chassepierre,6824,85005
CHASTRE,1450,25117
CHÂTELET,6200,52012
Châtelineau,6200,52013
Châtillon,6747,85006
CHAUDFONTAINE,4050,62022
CHAUMONT-GISTOUX,1325,25018
Chênée,4032,62023
Cherain,6673,82008
Cheratte,4602,62024
Chercq,7521,57021
Chevetogne,5590,91028
Chevron,4987,63016
CHIÈVRES,7950,51014
CHIMAY,6460,56016
CHINY,6810,85007
Chokier,4400,62025
Ciergnon,5560,91029
CINEY,5590,91030
Ciplet,4260,64017
Ciply,7024,53018
Clabecq,1480,25019
CLAVIER,4560,61012
Clermont-lez-Walcourt,5650,93012
Clermont-sous-Huy,4480,61013
Clermont-sur-Berwinne,4890,63017
Cognelée,5022,92025
COLFONTAINE,7340,53082
COMBLAIN-AU-PONT,4170,62026
Comblain-Fairon,4180,61014
Comines,7780,54002
COMINES-WARNETON,7780,54010
Conneux,5590,91031
Corbais,1435,25020
Corbion,6838,84014
Cordes,7910,51015
Corenne,5620,93013
Cornesse,4860,63018
Cornimont,5555,91032
Corroy-le-Château,5032,92026
Corroy-le-Grand,1325,25021
Corswarem,4257,64018
Cortil-Noirmont,1450,25022
Cortil-Wodon,5380,92027
Couillet,6010,52014
COURCELLES,6180,52015
Courrière,5336,92028
Cour-sur-Heure,6120,56017
COURT-SAINT-ÉTIENNE,1490,25023
Couthuin,4218,61015
Coutisse,5300,92029
Couture-Saint-Germain,1380,25024
COUVIN,5660,93014
Cras-Avernas,4280,64019
Crehen,4280,64020
CRISNÉE,4367,64021
Croix-lez-Rouveroy,7120,56018
Crombach,4784,63019
Crupet,5332,92030
Cuesmes,7033,53019
Cugnon,6880,84015
Cul-des-Sarts,5660,93015
Custinne,5562,91033
Dadizele,8890,36003
Dailly,5660,93016
Daknam,9160,46004
DALHEM,4607,62027
DAMME,8340,31006
Dampicourt,6767,85008
Dampremy,6020,52016
Darion,4253,64022
Daussois,5630,93017
Daussoulx,5020,92031
Dave,5100,92032
DAVERDISSE,6929,84016
DEERLIJK,8540,34009
Deftinge,9570,45004
DE HAAN,8420,35029
DEINZE,9800,44011
De Klinge,9170,46005
De Moeren,8630,38007
Denderbelle,9280,42005
Denderhoutem,9450,41010
DENDERLEEUW,9470,41011
DENDERMONDE,9200,42006
Denderwindeke,9400,41012
Denée,5537,92033
DENTERGEM,8720,37002
DE PANNE,8660,38008
DE PINTE,9840,44012
Dergneau,7912,51016
DESSEL,2480,13006
Desselgem,8792,34010
DESTELBERGEN,9070,44013
Desteldonk,9042,44014
Deurle,9831,44015
Deurne,2100,11012
Deurne-bij-Diest,3290,24019
Deurne-Borgerhout,,11063
Deux-Acren,7864,55007
Dhuy,5310,92034
Diegem,1831,23015
DIEPENBEEK,3590,71011
DIEST,3290,24020
Diets-Heur,3700,73011
Dikkebus,8900,33005
Dikkele,9630,45005
Dikkelvenne,9890,44016
DIKSMUIDE,8600,32003
DILBEEK,1700,23016
Dilsen,3650,72005
DILSEN-STOKKEM,3650,72041
DINANT,5500,91034
Dion,5570,91035
Dion-le-Mont,1325,25025
Dion-le-Val,1325,25026
Dion-Valmont,1325,25115
DISON,4820,63020
Dochamps,6960,83011
Doel,9130,46006
Dohan,6836,84017
DOISCHE,5680,93018
Dolembreux,4140,62028
DONCEEL,4357,64023
Dongelberg,1370,25027
Donk,3540,71012
Donstiennes,6536,56019
Dorinne,5530,91036
Dormaal,3440,24021
Dottignies,7711,54003
DOUR,7370,53020
Dourbes,5670,93019
Dranouter,8951,33006
Dréhance,5500,91037
Driekapellen,8600,32028
Drieslinter,3350,24022
Drogenbos,1620,22001
DROGENBOS ,1620,23098
Drongen,9031,44017
Dudzele,8380,31007
DUFFEL,2570,12009
Duisburg,3080,24023
Duras,3803,71013
DURBUY,6940,83012
Durnal,5530,91038
Dworp,1653,23017
Ében-Émael,4690,62029
Ebly,6860,84018
ÉCAUSSINNES,7190,55050
Écaussinnes-d'Enghien,7190,55008
Écaussinnes-Lalaing,7191,55009
EDEGEM,2650,11013
Edelare,9700,45006
EEKLO,9900,43005
Eernegem,8480,35003
Egem,8740,37003
Eggewaartskapelle,8630,38009
ÉGHEZÉE,5310,92035
Éhein,4120,61016
Éhein (Engis),4480,
Éhein (Neupré),4120,
Eigenbilzen,3740,73012
Eindhout,2430,13007
Eine,9700,45007
Eisden,3630,73013
Eke,9810,44018
Ekeren,2180,11014
Eksaarde,9160,46007
Eksel,3941,72007
Elderen,3770,73104
Elen,3650,72006
Elene,9620,41013
Elewijt,1982,23018
Eliksem,3400,24024
Elingen,1671,23019
Ellemelle,4590,61017
ELLEZELLES,7890,51017
Ellignies-lez-Frasnes,7910,51066
Ellignies-Sainte-Anne,7972,51018
Ellikom,3670,72008
Élouges,7370,53021
Elsegem,9790,45008
Elsenborn,4750,63021
Elst,9660,45009
Elverdinge,8906,33007
Elversele,9140,46008
Emblem,2520,11015
Embourg,4053,62030
Emelgem,8870,36004
Émines,5080,92036
Emptinne,5363,91039
Ename,9700,45010
Engelmanshoven,3800,71014
ENGHIEN,7850,55010
Engis,4480,62031
ENGIS ,4480,61080
Énines,1350,25028
Ensival,4800,63022
Épinois,7134,56020
Eppegem,1980,23020
Éprave,5580,91040
Erbaut,7050,53022
Erbisœul,7050,53023
Ère,7500,57022
Erembodegem,9320,41014
ÉREZÉE,6997,83013
Ermeton-sur-Biert,5644,92037
Ernage,5030,92038
Erneuville,6972,83014
Ernonheid,4920,61018
Erondegem,9420,41015
Erpe,9420,41016
ERPE-MERE,9420,41082
Erpent,5100,92039
Erpion,6441,56021
Erps-Kwerps,3071,24025
ERQUELINNES,6560,56022
Erquennes,7387,53024
Ertvelde,9940,43006
Erwetegem,9620,41017
Escanaffles,7760,57023
Esen,8600,32004
ESNEUX,4130,62032
Esplechin,7502,57024
Esquelmes,7743,57025
ESSEN,2910,11016
Essene,1790,23021
Estaimbourg,7730,57026
ESTAIMPUIS,7730,57027
ESTINNES,7120,56085
Estinnes-au-Mont,7120,56023
Estinnes-au-Val,7120,55011
ÉTALLE,6740,85009
Èthe,6760,85010
Etikhove,9680,45011
Ettelgem,8450,35004
ETTERBEEK,1040,21005
Eugies,7080,53025
Eugies (Colfontaine),7340,
Eugies (Frameries),7080,
EUPEN,4700,63023
Évegnée,4631,62802
Évegnée-Tignée,4631,62033
Évelette,5350,92040
Everbeek,9660,45012
Everberg,3078,24026
EVERE,1140,21006
EVERGEM,9940,44019
Évregnies,7730,57028
Évrehailles,5530,91041
Eynatten,4731,63024
Ezemaal,3400,24027
Fagnolle,5600,93020
FAIMES,4317,64076
Falaën,5522,91042
Falisolle,5060,92041
Fallais,4260,64024
Falmagne,5500,91043
Falmignoul,5500,91044
Familleureux,7181,52017
FARCIENNES,6240,52018
Faulx-les-Tombes,5340,92042
Faurœulx,7120,56024
FAUVILLERS,6637,82009
Faymonville,4950,63025
Fays-les-Veneurs,6856,84019
Fayt-le-Franc,7387,53026
Fayt-lez-Manage,7170,52019
Felenne,5570,91045
Feluy,7181,52020
Feneur,4607,62034
FERNELMONT,5380,92138
FERRIÈRES,4190,61019
Feschaux,5570,91046
FEXHE-LE-HAUT-CLOCHER,4347,64025
Fexhe-Slins,4458,62035
Filot,4181,61020
Finnevaux,5560,91047
Fize-Fontaine,4530,61021
Fize-le-Marsal,4367,64026
Flamierge,6686,82010
Flavion,5620,93021
Flawinne,5020,92043
FLÉMALLE,4400,62120
Flémalle-Grande,4400,62036
Flémalle-Haute,4400,62037
Flénu,7012,53027
FLÉRON,4620,62038
FLEURUS,6220,52021
FLOBECQ,7880,51019
Flône,4540,61022
Florée,5334,92044
FLOREFFE,5150,92045
FLORENNES,5620,93022
FLORENVILLE,6820,85011
Floriffoux,5150,92046
Flostoy,5370,91048
Focant,5572,91049
Folx-les-Caves,1350,25029
FONTAINE-L'ÉVÊQUE,6140,52022
Fontaine-Valmont,6567,56025
Fontenelle,5650,93023
Fontenoille,6820,85012
Fontenoy,7643,57029
Fooz,4340,62039
Forchies-la-Marche,6141,52023
FOREST,1190,21007
Forest (Hainaut),7910,51020
Forêt (Liège),4870,62040
Forge-Philippe,6596,56026
Forges,6464,56027
Forrières,6953,83015
Forville,5380,92047
Fosse (Liège),4980,63026
Fosse (Namur),5070,92048
FOSSES-LA-VILLE,5070,92048
Fouleng,7830,51021
Fourbechies,6440,56028
Fraipont,4870,62041
Fraire,5650,93024
Fraiture,4557,61023
FRAMERIES,7080,53028
Framont,6853,84020
Franchimont,5600,93025
Francorchamps,4970,63027
Franc-Waret,5380,92049
Franière,5150,92050
Frasnes,5660,93026
FRASNES-LEZ-ANVAING,7910,51065
Frasnes-lez-Buissenal,7911,51022
Frasnes-lez-Gosselies,6210,52024
Freloux,4347,64027
Freux,6800,84021
FROIDCHAPELLE,6440,56029
Froid-Chapelle,6440,56029
Froidfontaine,5576,91051
Froidmont,7504,57030
Fronville,6990,91052
Froyennes,7503,57031
Fumal,4260,64028
Furfooz,5500,91053
Furnaux,5641,92051
Gaasbeek,1750,23022
Gages,7943,51023
Gallaix,7906,57032
GALMAARDEN,1570,23023
GANSHOREN,1083,21008
Gaurain-Ramecroix,7530,57033
GAVERE,9890,44020
GEDINNE,5575,91054
GEEL,2440,13008
GEER,4250,64029
Geest-Gérompont-Petit-Rosière,1367,25030
GEETBETS,3450,24028
Gelbressée,5024,92052
Gelinden,3800,71015
Gellik,3620,73014
Gelmen,3800,71068
Gelrode,3200,24029
Geluveld,8980,33008
Geluwe,8940,33009
Gembes,6929,84022
Gembloux,5030,92053
GEMBLOUX ,5030,92142
Gembloux-sur-Orneau,5030,92139
Gemmenich,4851,63028
GENAPPE,1470,25031
GENK,3600,71016
Genly,7040,53029
Genoelselderen,3770,73015
GENT,9000,44021
Gentbrugge,9050,44022
Gentinnes,1450,25032
Genval,1332,25033
GERAARDSBERGEN,9500,41018
Gerdingen,3960,72009
Gerin,5524,91055
Gérompont,1367,25116
Gérouville,6769,85013
GERPINNES,6280,52025
Gestel,2590,12010
GESVES,5340,92054
Ghislenghien,7822,51024
Ghlin,7011,53030
Ghoy,7863,55012
Gibecq,7823,51025
Gierle,2275,13009
Gijverinkhove,8691,38010
Gijzegem,9308,41019
Gijzelbrechtegem,8570,34011
Gijzenzele,9860,44023
Gilly,6060,52026
Gimnée,5680,93027
GINGELOM,3890,71017
GISTEL,8470,35005
Gits,8830,36005
Givry,7041,53031
Glabais,1473,25034
GLABBEEK,3380,24137
Glabbeek-Zuurbemde,3380,24030
Glain,4000,62042
Gleixhe,4400,62043
Glimes,1315,25035
Glons,4690,62044
Gochenée,5680,93028
Godarville,7160,52027
Godinne,5530,91056
Godveerdegem,9620,41020
Goé,4834,63029
Goeferdinge,9500,41021
Goegnies-Chaussée,7040,53032
Goesnes,5353,92055
Goetsenhoven,3300,24031
Gomzé-Andoumont,4140,62045
Gondregnies,7830,51026
Gonrieux,5660,93029
GOOIK,1755,23024
Gorsem,3803,71018
Gors-Opleeuw,3840,73016
Gosselies,6041,52028
Gotem,3840,73017
Gottem,9800,44025
Gottignies,7070,55013
Gougnies,6280,52029
Gourdinne,5651,93030
GOUVY,6670,82037
Gouy-lez-Piéton,6181,52031
Gozée,6534,56030
Grâce-Berleur,4460,62046
GRÂCE-HOLLOGNE,4460,62118
Graide,5555,91057
Grammene,9800,44026
Grand-Axhe,4300,64030
Grandglise,7973,51027
Grand-Hallet,4280,64031
Grand-Halleux,6698,82011
Grandhan,6940,83016
Grand-Leez,5031,92056
Grand-Manil,5030,92057
Grandménil,6960,83017
Grandmetz,7900,57034
Grand-Rechain,4650,63030
Grand-Reng,6560,56031
Grandrieu,6470,56032
Grand-Rosière-Hottomont,1367,25036
Grandville,4360,64032
Grandvoir,6840,84023
Grapfontaine,6840,84024
Graty,7830,55014
Graux,5640,92058
Grazen,3450,24032
Grembergen,9200,42007
GREZ-DOICEAU,1390,25037
GRIMBERGEN,1850,23025
Grimminge,9506,41022
Grivegnée,4030,62047
GROBBENDONK,2280,13010
Groot-Bijgaarden,1702,23026
Groot-Gelmen,3800,71019
Groot-Loon,3840,73018
Grosage,7950,51028
Gros-Fays,5555,91058
Grote-Brogel,3990,72010
Grotenberge,9620,41023
Grote-Spouwen,3740,73019
Grune,6952,83018
Grupont,6927,83019
Guignies,7620,57035
Guigoven,3723,73020
Guirsch,6704,81007
Gullegem,8560,34012
Gutschoven,3870,73021
HAACHT,3150,24033
HAALTERT,9450,41024
Haasdonk,9120,46009
Haasrode,3053,24034
HABAY,6720,85046
Habay-la-Neuve,6720,85014
Habay-la-Vieille,6723,85015
Habergy,6782,81008
Haccourt,4684,62048
Hachy,6720,81009
Hacquegnies,7911,51029
Haillot,5351,92059
Haine-Saint-Paul,7100,55015
Haine-Saint-Pierre,7100,56033
Hainin,7350,53033
Hakendover,3300,24035
Halanzy,6792,81010
HALEN,3545,71020
Hallaar,2220,12011
Halle (Antwerpen),2980,11017
HALLE (Brabant),1500,23027
Halle-Booienhoven,3440,24036
Halleux,6986,83020
Halma,6922,84025
Halmaal,3800,71021
Haltinne,5340,92060
HAM,3945,71069
Hamipré,6840,84026
HAMME (Oost-Vlaanderen),9220,42008
Hamme (Vlaams-Brabant),1785,23028
Hamme-Mille,1320,25038
HAMOIR,4180,61024
HAMOIS,5360,91059
Hamont,3930,72012
HAMONT-ACHEL,3930,72037
Hampteau,6990,83021
Ham-sur-Heure,6120,56034
HAM-SUR-HEURE-NALINNES,6120,56086
Ham-sur-Sambre,5190,92061
Handzame,8610,32005
Haneffe,4357,64033
Hannêche,4210,61025
HANNUT,4280,64034
Hanret,5310,92062
Hansbeke,9850,44027
Han-sur-Lesse,5580,91060
Hantes-Wihéries,6560,56035
Hanzinelle,5621,93031
Hanzinne,5621,93032
Harchies,7321,51030
HARELBEKE,8530,34013
Haren,3840,73105
Haren (Borgloon),3840,
Haren (Bruxelles),1130,21122
Haren (Tongeren),3700,
Hargimont,6900,83022
Harmignies,7022,53034
Harnoncourt,6767,85016
Harre,6960,83023
Harsin,6950,83024
Harveng,7022,53035
Harzé,4920,61026
HASSELT,3500,71022
HASTIÈRE,5540,91142
Hastière-Lavaux,5540,91061
Hastière-par-delà ,5541,91062
Haulchin,7120,56036
Hauset,4730,63031
Haut-Fays,6929,84028
Haut-le-Wastia,5537,91063
Havay,7041,53037
HAVELANGE,5370,91064
Havinnes,7531,57036
Havré,7021,53038
Hechtel,3940,72013
HECHTEL-EKSEL,3940,72038
Heer,5543,91065
HEERS,3870,73022
Hees,3740,73023
Heestert,8551,34014
Heffen,2801,12012
Heikruis,1670,23029
Heindonk,2830,12013
Heinsch,6700,81011
Heist-aan-Zee,8301,31008
HEIST-OP-DEN-BERG,2220,12014
Hekelgem,1790,23030
Heks,3870,73024
Helchteren,3530,72014
Heldergem,9450,41025
HÉLÉCINE,1357,25118
Helen-Bos,3440,24037
Helkijn,8587,34015
Hellebecq,7830,51031
Hemelveerdegem,9571,45013
HEMIKSEM,2620,11018
Hemptinne-lez-Éghezée,5380,92063
Hemptinne-lez-Florennes,5620,93033
Hendrieken,3840,73025
Henis,3700,73026
Hennuyères,7090,55016
Henri-Chapelle,4841,63032
Henripont,7090,55017
HENSIES,7350,53039
Heppen,3971,71023
Heppenbach,4771,63033
Heppignies,6220,52032
HERBEUMONT,6887,84029
Herchies,7050,53040
Herderen,3770,73027
Herdersem,9310,41026
HERENT,3020,24038
HERENTALS,2200,13011
HERENTHOUT,2270,13012
Herfelingen,1540,23031
Hergenrath,4728,63034
Hérinnes,7742,57037
HERK-DE-STAD,3540,71024
Hermalle-sous-Argenteau,4681,62049
Hermalle-sous-Huy,4480,61027
Hermée,4680,62050
Hermelgem,9630,45067
Hermeton-sur-Meuse,5540,93034
HERNE,1540,23032
HÉRON,4217,61028
Herquegies,7911,51032
Herseaux,7712,54004
HERSELT,2230,13013
HERSTAL,4040,62051
HERSTAPPE,3717,73028
Hertain,7522,57038
Herten,3831,73029
Hertsberge,8020,31009
HERVE,4650,63035
HERZELE,9550,41027
Heule,8501,34016
Heure,5377,91066
Heure-le-Romain,4682,62052
Heurne,9700,45014
Heusden (Limburg),3550,71025
Heusden (Oost-Vlaanderen),9070,44028
HEUSDEN-ZOLDER,3550,71070
Heusy,4802,63036
HEUVELLAND,8950,33039
Hever,3191,24039
Heverlee,3001,24040
Hévillers,1435,25040
Heyd,6941,83025
Hillegem,9550,41028
Hingene,2880,12015
Hingeon,5380,92064
Hives,6984,83026
Hoboken,2660,11019
Hodeige,4351,64035
Hodimont,4800,63090
Hodister,6987,83027
Hody,4162,61029
HOEGAARDEN,3320,24041
HOEILAART,1560,23033
Hoeke,8340,31010
Hoelbeek,3746,73030
Hoeleden,3471,24042
Hoepertingen,3840,73031
HOESELT,3730,73032
Hoevenen,2940,11020
Hofstade (Oost-Vlaanderen),9308,41029
Hofstade (Vlaams-Brabant),1981,23034
Hogne,5377,91067
Hognoul,4342,62053
Hollain,7620,57039
Hollange,6637,82012
Hollebeke,8902,33010
Hollogne-aux-Pierres,4460,62054
Hollogne-sur-Geer,4250,64036
HOLSBEEK,3220,24043
Hombeek,2811,12016
Hombourg,4852,63037
Hompré,6640,82013
Hondelange,6780,81012
Honnay,5570,91068
HONNELLES,7387,53083
Honsem,3370,24131
HOOGLEDE,8830,36006
Hoogstade,8690,38011
HOOGSTRATEN,2320,13014
HOREBEKE,9667,45062
Horion-Hozémont,4460,62055
Hornu,7301,53041
Horpmaal,3870,73033
Horrues,7060,55018
HOTTON,6990,83028
Houdemont,6724,85017
Houdeng-Aimeries,7110,55019
Houdeng-Gœgnies,7110,55020
Houdrémont,5575,91069
HOUFFALIZE,6660,82014
Hour,5563,91070
Housse,4671,62056
Houtaing,7812,51033
Houtain-le-Val,1476,25041
Houtain-Saint-Siméon,4682,62057
Houtave,8377,31011
Houtem,8630,38012
Houthalen,3530,72015
HOUTHALEN-HELCHTEREN,3530,72039
Houthem,7781,54005
HOUTHULST,8650,32006
Houtvenne,2235,13015
Houwaart,3390,24044
Houx,5530,91071
HOUYET,5560,91072
HOVE,2540,11021
Hoves,7830,55021
Howardries,7624,57040
Huccorgne,4520,61030
Huise,9750,45015
Huissignies,7950,51034
Huizingen,1654,23035
HULDENBERG,3040,24045
HULSHOUT,2235,13016
Hulsonniaux,5560,91073
Hulste,8531,34017
Humain,6900,83029
Humbeek,1851,23036
Hundelgem,9630,45016
Huppaye,1367,25042
HUY,4500,61031
Hyon,7022,53042
ICHTEGEM,8480,35006
Iddergem,9472,41030
Idegem,9506,41031
IEPER,8900,33011
Impe,9340,41032
INCOURT,1315,25043
INGELMUNSTER,8770,36007
Ingooigem,8570,34018
Irchonwelz,7801,51035
Isières,7822,51036
Isnes,5032,92065
Itegem,2222,12017
Itterbeek,1701,23037
ITTRE,1460,25044
Ivoz-Ramet,4400,62083
IXELLES,1050,21009
IZEGEM,8870,36008
Izel,6810,85018
Izenberge,8691,38013
Izier,6941,83030
JABBEKE,8490,31012
JALHAY,4845,63038
Jallet,5354,92066
Jamagne,5600,93035
Jambes,5100,92067
Jamiolle,5600,93036
Jamioulx,6120,56037
Jamoigne,6810,85019
Jandrain-Jandrenouille,1350,25045
Jauche,1350,25046
Jauchelette,1370,25047
Javingue,5570,91074
Jehay-Bodegnée,4540,61032
Jéhonville,6880,84030
Jemappes,7012,53043
Jemelle,5580,91075
Jemeppe (-sur-Meuse),4101,62058
Jemeppe (-sur-Sambre),5190,92068
JEMEPPE-SUR-SAMBRE,5190,92140
Jeneffe (en Condroz),5370,91076
Jeneffe (en Hesbaye),4357,64037
Jesseren,3840,73034
JETTE,1090,21010
Jeuk,3890,71026
JODOIGNE,1370,25048
Jodoigne-Souveraine,1370,25049
Jollain-Merlin,7620,57041
Joncret,6280,52033
Julémont,4650,63039
Jumet,6040,52034
Jupille,4020,62059
Jupille-sur-Meuse,4020,62059
JUPRELLE,4450,62060
JURBISE,7050,53044
Juseret,6642,84031
Kaaskerke,8600,32007
Kachtem,8870,36009
Kaggevinne,3293,24046
Kaggevinne-Assent,3293,24136
Kain,7540,57042
Kalken,9270,42009
Kallo,9120,46010
Kallo (Beveren-Waas),9120,
Kallo (Kieldrecht),9130,
KALMTHOUT,2920,11022
KAMPENHOUT,1910,23038
Kanegem,8700,37004
Kanne,3770,73035
KAPELLEN (Antwerpen),2950,11023
Kapellen (Vlaams-Brabant),3381,24047
KAPELLE-OP-DEN-BOS,1880,23039
KAPRIJKE,9970,43007
Kaster,8572,34019
KASTERLEE,2460,13017
Kaulille,3950,72016
KEERBERGEN,3140,24048
Keiem,8600,32008
KELMIS,4720,63040
Kemexhe,4367,64038
Kemmel,8956,33012
Kemzeke,9190,46011
Kerkhove,8581,34020
Kerkom,3370,24049
Kerkom-bij-Sint-Truiden,3800,71027
Kerksken,9451,41033
Kermt,3510,71028
Kerniel,3840,73036
Kersbeek-Miskom,3472,24050
Kessel,2560,12018
Kessel-Lo,3010,24051
Kessenich,3640,72017
Kester,1755,23040
Kettenis,4701,63041
Keumiée,5060,92069
Kieldrecht,9130,46012
KINROOI,3640,72018
Kleine-Brogel,3990,72019
Kleine-Spouwen,3740,73037
Klein-Gelmen,3870,73038
Klemskerke,8420,35007
Klerken,8650,32009
KLUISBERGEN,9690,45060
Kluizen,9940,43008
KNESSELARE,9910,44029
Knokke,8300,31013
KNOKKE-HEIST,8300,31043
Kobbegem,1730,23041
KOEKELARE,8680,32010
KOEKELBERG,1081,21011
Koersel,3582,71029
KOKSIJDE,8670,38014
Kolmont,3700,73106
Kolmont (Borgloon),3840,
Kolmont (Tongeren),3700,
Koningshooikt,2500,12019
Koninksem,3700,73039
KONTICH,2550,11024
Kooigem,8510,34021
Koolkerke,8000,31014
Koolskamp,8851,37005
Korbeek-Dijle,3060,24052
Korbeek-Lo,3360,24053
KORTEMARK,8610,32011
KORTENAKEN,3470,24054
KORTENBERG,3070,24055
KORTESSEM,3720,73040
Kortijs,3890,71030
KORTRIJK,8500,34022
Kozen,3850,71031
Kraainem,1950,22002
KRAAINEM ,1950,23099
Krombeke,8972,33013
KRUIBEKE,9150,46013
KRUISHOUTEM,9770,45017
Kumtich,3300,24057
Kuringen,3511,71032
Kuttekoven,3840,73041
KUURNE,8520,34023
Kwaadmechelen,3945,71033
Kwaremont,9690,45018
LAAKDAL,2430,13053
Laar,3400,24058
LAARNE,9270,42010
La Bouverie,7080,53045
LA BRUYÈRE,5080,92141
Labuissière,6567,56038
Lacuisine,6821,85020
Ladeuze,7950,51037
Laeken,1020,21123
Laforêt,5550,91077
La Glanerie,7611,57043
La Gleize,4987,63042
Lahamaide,7890,51038
LA HULPE,1310,25050
LA LOUVIÈRE,7100,55022
Lamain,7522,57044
Lambermont,4800,63043
Lambusart,6220,52036
Lamine,4350,64039
Lamontzée,4210,61033
Lamorteau,6767,85021
Lampernisse,8600,32012
LANAKEN,3620,73042
Lanaye,4600,62061
Landegem,9850,44030
Landelies,6111,52037
LANDEN,3400,24059
Landenne,5300,61034
Landskouter,9860,44031
Laneffe,5651,93037
Langdorp,3201,24060
Langemark,8920,33014
LANGEMARK-POELKAPELLE,8920,33040
Lanklaar,3650,73043
Lanquesaint,7800,51039
Lantin,4450,62062
Laplaigne,7622,57045
Lapscheure,8340,31015
La Reid,4910,63044
LA ROCHE-EN-ARDENNE,6980,83031
LASNE,1380,25119
Lasne-Chapelle-Saint-Lambert,1380,25051
Lathuy,1370,25052
Latinne,4261,64041
Latour,6761,85022
Lauw,3700,73044
Lauwe,8930,34024
Lavacherie,6681,84032
Lavaux-Sainte-Anne,5580,91078
Lavoir,4217,61035
LEBBEKE,9280,42011
L'Écluse,1320,25053
LEDE,9340,41034
Ledeberg,9050,44032
LEDEGEM,8880,36010
Leefdaal,3061,24061
Leerbeek,1755,23042
Leernes,6142,52038
Leers-et-Fosteau,6530,56039
Leers-Nord,7730,57046
Leest,2811,12020
Leeuwergem,9620,41035
Leffinge,8432,35008
LÉGLISE,6860,84033
Leignon,5590,91079
Leisele,8691,38015
Leke,8600,32013
Lembeek,1502,23043
Lembeke,9971,43009
Lemberge,9820,44033
Le Mesnil,5670,93038
LENDELEDE,8860,34025
LENNIK,1750,23104
LENS,7870,53046
Lens-Saint-Remy,4280,64042
Lens-Saint-Servais,4250,64043
Lens-sur-Geer,4360,64044
LEOPOLDSBURG,3970,71034
LE RŒULX,7070,55035
Le Roux,5070,92070
Les Avins,4560,61036
LES BONS VILLERS,6210,52075
Les Bulles,6811,85023
L'Escaillère,6464,56040
Lesdain,7621,57047
Les Hayons,6830,84034
LESSINES,7860,55023
Lessive,5580,91080
Lesterny,6953,83032
Lesve,5170,92071
Les Waleffes,4317,61037
Letterhoutem,9521,41036
Leugnies,6500,56041
Leupegem,9700,45019
Leut,3630,73045
LEUVEN,3000,24062
Leuze (Hainaut),7900,57048
Leuze (Namur),5310,92072
LEUZE-EN-HAINAUT,7900,57094
Leval-Chaudeville,6500,56042
Leval-Trahegnies,7134,56043
Liberchies,6238,52039
LIBIN,6890,84035
Libramont,6800,84036
LIBRAMONT-CHEVIGNY,6800,84077
Lichtaart,2460,13018
LICHTERVELDE,8810,36011
LIEDEKERKE,1770,23044
Lieferinge,9400,41037
LIÈGE,4000,62063
Liège 1 (Rive Gauche),4000,
Liège 2 (Rive Droite),4020,
LIER,2500,12021
LIERDE,9570,45063
LIERNEUX,4990,63045
Liernu,5310,92073
Liers,4042,62064
Liezele,2870,12022
Ligne,7812,57049
Ligney,4254,64045
Ligny,5140,92074
LILLE,2275,13019
Lillo,2040,11059
Lillois-Witterzée,1428,25054
Limal,1300,25055
LIMBOURG,4830,63046
Limelette,1342,25056
Limerlé,6670,82015
Limont,4357,64046
LINCENT,4287,64047
Linchet,4577,61082
Linden,3210,24063
Linkebeek,1630,22003
LINKEBEEK ,1630,23100
Linkhout,3560,71035
Linsmeau,1357,25057
LINT,2547,11025
LINTER,3350,24133
Lippelo,2890,12023
Lisogne,5501,91081
Lissewege,8380,31016
Lives-sur-Meuse,5101,92075
Lixhe,4600,62065
Lo,8647,32014
LOBBES,6540,56044
LOCHRISTI,9080,44034
Lodelinsart,6042,52040
Loenhout,2990,11026
Loker,8958,33015
LOKEREN,9160,46014
Loksbergen,3545,71036
Lombardsijde,8434,35009
Lombise,7870,53047
LOMMEL,3920,72020
Lommersweiler,4783,63047
Lompret,6463,56045
Lomprez,6924,84037
Loncin,4431,62066
LONDERZEEL,1840,23045
Longchamps (-lez-Bastogne),6688,82016
Longchamps (-lez-Dhuy),5310,92076
Longlier,6840,84038
Longueville,1325,25058
Longvilly,6600,82017
LONTZEN,4710,63048
Lonzée,5030,92077
Loonbeek,3040,24064
Loppem,8210,31017
Lorcé,4987,61038
LO-RENINGE,8647,32030
Lot,1651,23046
Lotenhulle,9880,44035
Louette-Saint-Denis,5575,91082
Louette-Saint-Pierre,5575,91083
Loupoigne,1471,25059
Louveigné,4141,62067
Louveigné (Aywaille),4921,
Louveigné (Sprimont),4141,
LOVENDEGEM,9920,44036
Lovenjoel,3360,24065
Loverval,6280,52041
Loyers,5101,92078
LUBBEEK,3210,24066
Luingne,7700,54006
LUMMEN,3560,71037
Lustin,5170,92079
MAARKEDAL,9680,45064
Maarke-Kerkem,9680,45020
MAASEIK,3680,72021
MAASMECHELEN,3630,73107
Mabompré,6663,82018
Machelen (Oost-Vlaanderen),9870,44037
MACHELEN (Vlaams-Brabant),1830,23047
Macon,6591,56046
Macquenoise,6593,56047
Maffe,5374,91084
Maffle,7810,51040
Magnée,4623,62068
Maillen,5330,92080
Mainvault,7812,51041
Maisières,7020,53048
Maissin,6852,84039
Maizeret,5300,92081
Mal,3700,73046
MALDEGEM,9990,43010
Malderen,1840,23048
Malempré,6960,83033
Malèves-Sainte-Marie-Wastines,1360,25060
MALLE,2390,11057
MALMEDY,4960,63049
Malonne,5020,92082
Malvoisin,5575,91085
MANAGE,7170,52043
Manderfeld,4760,63050
MANHAY,6960,83055
Mannekensvere,8433,35010
Maransart,1380,25061
Marbais,1495,25062
Marbaix,6120,56048
MARCHE-EN-FAMENNE,6900,83034
Marche-les-Dames,5024,92083
Marche-lez-Écaussinnes,7190,55024
Marchienne-au-Pont,6030,52044
MARCHIN,4570,61039
Marchipont,7387,53049
Marchovelette,5380,92084
Marcinelle,6001,52045
Marcourt,6987,83035
Marcq,7850,55025
Marenne,6990,83036
Mariakerke (Oost-Vlaanderen),9030,44038
Mariakerke (West-Vlaanderen),8400,35030
Mariekerke,2880,12024
Mariembourg,5660,93039
Marienbourg,5660,93039
Marilles,1350,25063
Marke,8510,34026
Markegem,8720,37006
Marneffe,4210,61040
Marquain,7522,57050
MARTELANGE,6630,81013
Martenslinde,3742,73047
Martouzin-Neuville,5573,91086
Masbourg,6953,83037
Masnuy-Saint-Jean,7050,53050
Masnuy-Saint-Jean (Jurbise),7050,
Masnuy-Saint-Jean (Mons),7020,
Masnuy-Saint-Pierre,7050,53051
Massemen,9230,42012
Massenhoven,2240,11027
Matagne-la-Grande,5680,93040
Matagne-la-Petite,5680,93041
Mater,9700,45021
Maubray,7640,57051
Maulde,7534,57052
Maurage,7110,55026
Mazée,5670,93042
Mazenzele,1745,23049
Mazy,5032,92085
Méan,5372,91087
MECHELEN,2800,12025
Mechelen-aan-de-Maas,3630,73048
Mechelen-Bovelingen,3870,73049
Meeffe,4219,64048
Meensel-Kiezegem,3391,24067
Meer,2321,13020
Meerbeek,3078,24068
Meerbeke,9402,41038
Meerdonk,9170,46015
MEERHOUT,2450,13021
Meerle,2328,13022
Meeswijk,3630,73050
Meetkerke,8377,31018
Meeuwen,3670,72022
MEEUWEN-GRUITRODE,3670,72040
Mehaigne,5310,92086
Meigem,9800,44039
Meilegem,9630,45022
MEISE,1860,23050
MEIX-DEVANT-VIRTON,6769,85024
Meix-le-Tige,6747,81014
Melden,9700,45023
Meldert (-bij-Aalst),9310,41039
Meldert (-bij-Diest),3560,71038
Meldert (Vlaams-Brabant),3320,24069
Melen,4633,62069
Mélin,1370,25064
Melkwezer,3350,24070
MELLE,9090,44040
Mellery,1495,25065
Melles,7540,57053
Mellet,6211,52046
Mellier,6860,84040
Melsbroek,1820,23051
Melsele,9120,46016
Melsen,9820,44041
Membach,4837,63051
Membre,5550,91088
Membruggen,3770,73051
Mendonk,9042,44042
MENEN,8930,34027
MERBES-LE-CHÂTEAU,6567,56049
Merbes-Sainte-Marie,6567,56050
MERCHTEM,1785,23052
Merdorp,4280,64049
Mere,9420,41040
MERELBEKE,9820,44043
Merendree,9850,44044
Merkem,8650,32015
Merksem,2170,11028
MERKSPLAS,2330,13023
Merlemont,5600,93043
MESEN,8957,33016
Meslin-l'Évêque,7822,51042
Mesnil-Église,5560,91089
Mesnil-Saint-Blaise,5560,91090
Mespelare,9200,42013
MESSANCY,6780,81015
Messelbroek,3272,24071
Mesvin,7022,53052
Mettekoven,3870,73052
METTET,5640,92087
MEULEBEKE,8760,37007
Meux,5081,92088
Mévergnies,7942,51043
Mévergnies-lez-Lens,7942,51043
Meyerode,4770,63052
Michelbeke,9660,45024
Micheroux,4630,62070
Middelburg,9992,43011
MIDDELKERKE,8430,35011
Miécret,5376,91091
Mielen-Boven-Aalst,3891,71039
Mignault,7070,55027
Millen,3770,73053
Milmort,4041,62071
Minderhout,2322,13024
Mirwart,6870,84041
MODAVE,4577,61041
Moelingen,3790,73054
Moen,8552,34028
Moerbeke,9500,41041
MOERBEKE-WAAS,9180,44045
Moere,8470,35012
Moerkerke,8340,31019
Moerzeke,9220,42014
Moha,4520,61042
Mohiville,5361,91092
Moignelée,5060,92089
Moircy,6800,84042
MOL,2400,13025
Molenbaix,7760,57054
MOLENBEEK-SAINT-JEAN,1080,21012
Molenbeek-Wersbeek,3461,24072
Molenbeersel,3640,72023
Molenstede,3294,24073
Mollem,1730,23053
Momalle,4350,64050
MOMIGNIES,6590,56051
Monceau,5555,91093
Monceau-en-Ardenne,5555,91093
Monceau-Imbrechies,6592,56052
Monceau-sur-Sambre,6031,52047
MONS,7000,53053
Mons (Liège),4400,62072
Mons-lez-Liège,4400,62072
Mont (Luxembourg),6661,82019
Mont (Namur),5530,91094
Montbliart,6470,56053
MONT-DE-L'ENCLUS,7750,57095
Montegnée,4420,62073
Montenaken,3890,71040
Mont-Gauthier,5580,91095
Montignies-le-Tilleul,6110,52048
Montignies-lez-Lens,7870,53054
Montignies-Saint-Christophe,6560,56054
Montignies-sur-Roc,7387,53055
Montignies-sur-Sambre,6061,52049
MONTIGNY-LE-TILLEUL,6110,52048
Montleban,6674,82020
Mont-Saint-André,1367,25067
Mont-Saint-Aubert,7542,57056
Mont-Sainte-Aldegonde,7141,56055
Mont-Sainte-Geneviève,6540,56056
MONT-SAINT-GUIBERT,1435,25068
Mont-sur-Marchienne,6032,52050
Montzen,4850,63053
Moorsel,9310,41042
Moorsele,8560,34029
MOORSLEDE,8890,36012
Moortsele,9860,44046
Mopertingen,3740,73055
Moregem,9790,45025
Moresnet,4850,63054
Morhet,6640,82021
Morialmé,5621,93044
Morkhoven,2200,13026
Morlanwelz,7140,56057
MORLANWELZ ,7140,56087
Morlanwelz-Mariemont,7140,56057
Mormont,6997,83038
Mornimont,5190,92090
Mortier,4670,62074
MORTSEL,2640,11029
Morville,5620,93045
Moulbaix,7812,51044
Mourcourt,7543,57057
MOUSCRON,7700,54007
Moustier (-lez-Frasnes),7911,51045
Moustier (-sur-Sambre),5190,92091
Mouzaive,5550,91096
Moxhe,4280,64051
Mozet,5340,92092
Muizen (-bij-Mechelen),2812,23054
Muizen (-bij-Sint-Truiden),3891,71041
Mullem,9700,45026
Munkzwalm,9630,45027
Muno,6820,85025
Munsterbilzen,3740,73056
Munte,9820,44047
MUSSON,6750,85026
Mussy-la-Ville,6750,85027
My,4190,83039
Naast,7062,55028
Nadrin,6660,82022
Nafraiture,5550,91097
Nalinnes,6120,56058
Namêche,5300,92093
NAMUR,5000,92094
NANDRIN,4550,61043
Nanninne,5100,92095
Naomé,5555,91098
NASSOGNE,6950,83040
Natoye,5360,91099
NAZARETH,9810,44048
Néchin,7730,57058
Nederboelare,9500,41043
Nederbrakel,9660,45028
Nederename,9700,45029
Nederhasselt,9400,41044
Nederokkerzeel,1910,23055
Neder-Over-Heembeek,1120,21124
Nederzwalm,9636,45066
Nederzwalm-Hermelgem,9636,45030
Neerglabbeek,3670,71042
Neerharen,3620,73057
Neerhespen,3350,24074
Neerheylissem,1357,25069
Neerijse,3040,24075
Neerlanden,3404,24076
Neerlinter,3350,24077
Neeroeteren,3680,72024
NEERPELT,3910,72025
Neerrepen,3700,73058
Neervelp,3370,24078
Neerwinden,3400,24079
Neigem,9403,41045
Nerem,3700,73059
Nessonvaux,4870,62076
Néthen,1390,25070
Nettinne,5377,91100
NEUFCHÂTEAU,6840,84043
Neufchâteau (Liège),4608,63055
Neufmaison,7332,53057
Neufvilles,7063,53058
Neu-Moresnet,4721,63056
NEUPRÉ,4120,62121
Neuville (-le-Chaudron),5600,93046
Neuville-en-Condroz,4121,61044
Neuville-sous-Huy,,61083
NEVELE,9850,44049
NIEL,2845,11030
Niel-bij-As,3668,71043
Niel-bij-Sint-Truiden,3890,71044
Nieuwenhove,9506,41046
Nieuwenrode,1880,23056
NIEUWERKERKEN,3850,71045
Nieuwerkerken (-bij-Aalst),9320,41047
Nieuwkapelle,8600,32016
Nieuwkerke,8950,33017
Nieuwkerken-Waas,9100,46017
Nieuwmunster,8377,31020
NIEUWPOORT,8620,38016
Nieuwrode,3221,24080
NIJLEN,2560,12026
Nil-Saint-Vincent-Saint-Martin,1457,25071
Nimy,7020,53059
Nimy-Maisières,,53085
NINOVE,9400,41048
Nismes,5670,93047
NIVELLES,1400,25072
Niverlée,5680,93048
Nives,6640,82023
Nobressart,6717,81016
Nodebais,1320,25073
Noduwez,1350,25074
Noirchain,7080,53060
Noirefontaine,6831,84044
Noiseux,5377,91101
Nokere,9771,45031
Nollevaux,6851,84045
Noorderwijk,2200,13027
Noordschote,8647,32017
Nossegem,1930,23057
Nothomb,6717,81017
Nouvelles,7022,53061
Noville (-lez-Bastogne),6600,82024
Noville (-lez-Fexhe),4347,64052
Noville-les-Bois,5380,92096
Noville-sur-Mehaigne,5310,25075
Nukerke,9681,45032
Obaix,6230,52051
Obigies,7743,57059
Obourg,7034,53062
Ochamps,6890,84046
Ocquier,4560,61045
Odeigne,6960,83041
Odeur,4367,64053
Oedelem,8730,31021
Oekene,8800,36013
Oelegem,2520,11031
Oeren,8690,38017
Oeselgem,8720,37008
Oetingen,1755,23058
Œudeghien,7911,51046
Oevel,2260,13028
Offagne,6850,84047
Ogy,7862,55029
Ohain,1380,25076
OHEY,5350,92097
Oignies,,93049
Oignies-en-Thiérache,5670,93049
Oisquercq,1480,25077
Oizy,5555,91102
Okegem,9400,41049
OLEN,2250,13029
Oleye,4300,64054
Ollignies,7866,55030
Olloy-sur-Viroin,5670,93050
Olmen,2491,13030
OLNE,4877,63057
Olsene,9870,44050
Omal,4252,64055
Ombret-Rawsa,4540,61046
Omezée,5600,93051
On,6900,83042
ONHAYE,5520,91103
Onkerzele,9500,41050
Onnezies,7387,53063
Onoz,5190,92098
Onze-Lieve-Vrouw-Lombeek,1760,23059
Onze-Lieve-Vrouw-Tielt,3390,24106
Onze-Lieve-Vrouw-Waver,2861,12027
Ooigem,8710,37009
Ooike,9790,45033
Ooike (Oudenaarde),9700,
Ooike (Wortegem-Petegem),9790,
Oombergen,9620,41051
Oombergen (Sint-Lievens-Houtem),9520,
Oombergen (Zottegem),9620,
Oorbeek,3300,24081
Oordegem,9340,41052
Oorderen,2000,11061
Oostakker,9041,44051
Oostduinkerke,8670,38018
Oosteeklo,9968,43012
OOSTENDE,8400,35013
OOSTERZELE,9860,44052
Oostham,3945,71046
OOSTKAMP,8020,31022
Oostkerke (-bij-Brugge),8340,31023
Oostkerke (-bij-Diksmuide),8600,32018
Oostmalle,2390,11032
Oostnieuwkerke,8840,36014
OOSTROZEBEKE,8780,37010
Oostvleteren,8640,33018
Oostwinkel,9931,44053
Opbrakel,9660,45034
Opdorp,9255,42015
OPGLABBEEK,3660,71047
Opgrimbie,3630,73060
Ophain-Bois-Seigneur-Isaac,1421,25078
Ophasselt,9500,41053
Opheers,3870,73061
Opheylissem,1357,25079
Ophoven,3640,72026
Opitter,3960,72027
Oplinter,3300,24082
Opoeteren,3680,72028
Opont,6852,84048
Opprebais,1315,25080
Oppuurs,2890,12028
Opvelp,3360,24083
OPWIJK,1745,23060
Orbais,1360,25081
Orchimont,5550,91104
Orcq,7501,57060
Ordingen,3800,71048
Oret,5640,93052
OREYE,4360,64056
Orgeo,6880,84049
Ormeignies,7802,51047
ORP-JAUCHE,1350,25120
Orp-le-Grand,1350,25082
Orroir,7750,57061
Orsmaal,3350,24132
Orsmaal-Gussenhoven,3350,24084
Ortho,6983,83043
Ostiches,7804,51048
Otegem,8553,34030
Oteppe,4210,61047
Othée,4340,62077
Ottenburg,3040,24085
Ottergem,9420,41054
Ottignies,1340,25083
OTTIGNIES-LOUVAIN-LA-NEUVE,1340,25121
Oudegem,9200,42016
Oudekapelle,8600,32019
OUDENAARDE,9700,45035
Oudenaken,1600,23061
OUDENBURG,8460,35014
OUD-HEVERLEE,3050,24086
OUD-TURNHOUT,2360,13031
OUFFET,4590,61048
Ougrée,4102,62078
OUPEYE,4680,62079
Outer,9406,41055
Outgaarden,3321,24087
Ouwegem,9750,45036
Overboelare,9500,41056
Overhespen,3350,24088
OVERIJSE,3090,23062
Overmere,9290,42017
OVERPELT,3900,72029
Overrepen,3700,73062
Overwinden,3400,24089
Paal,3583,71049
Paifve,4452,62080
Pailhe,4560,61050
PALISEUL,6850,84050
Pamel,1760,23063
Papignies,7861,55031
Parike,9661,45037
Passendale,8980,33019
Patignies,5575,91105
Pâturages,7340,53064
Paulatem,9630,45038
PECQ,7740,57062
PEER,3990,72030
Peissant,7120,56059
Pellaines,4287,64058
Pellenberg,3212,24090
PEPINGEN,1670,23064
PEPINSTER,4860,63058
Perk,1820,23065
Péronnes (-lez-Antoing),7640,57063
Péronnes (-lez-Binche),7134,55032
PÉRUWELZ,7600,57064
Pervijze,8600,38019
PERWEZ,1360,25084
Perwez (-en-Condroz),5352,92099
Pesche,5660,93053
Pessoux,5590,91106
Petegem (Gent),9800,44054
Petegem (Oudenaarde),9790,45039
Petegem-aan-de-Leie,9800,44054
Petegem-aan-de-Schelde,9790,45039
Petigny,5660,93054
Petite-Chapelle,5660,93055
Petit-Enghien,7850,55033
Petit-Fays,5555,91107
Petit-Hallet,4280,64059
Petit-Rechain,4800,63059
Petit-Rœulx-lez-Braine,7090,55034
Petit-Rœulx-lez-Nivelles,7181,52052
Petit-Thier,6692,82025
Peutie,1800,23066
PHILIPPEVILLE,5600,93056
Piéton,7160,52053
Pipaix,7904,57065
Piringen,3700,73063
Pironchamps,6240,52054
PITTEM,8740,37011
Plainevaux,4122,62081
Plancenoit,1380,25087
Ploegsteert,7782,54008
PLOMBIÈRES,4850,63088
Poederlee,2275,13032
Poeke,9880,44055
Poelkapelle,8920,33020
Poesele,9850,44056
Pollare,9401,41057
Polleur,4910,63060
Polleur (Theux),4910,
Polleur (Verviers),4800,
Pollinkhove,8647,32020
Pommerœul,7322,51049
Pondrôme,5574,91108
PONT-À-CELLES,6230,52055
Pont-de-Loup,6250,52056
Pontillas,5380,92100
POPERINGE,8970,33021
Poppel,2382,13033
Popuelles,7760,57066
Porcheresse (-en-Ardenne),6929,84051
Porcheresse (-en-Condroz),5370,91109
Pottes,7760,57067
Poucet,4280,64060
Poulseur,4171,61051
Poupehan,6830,84052
Pousset,4350,64061
Presgaux,5660,93057
Presles,6250,52057
PROFONDEVILLE,5170,92101
Proven,8972,33022
Pry,5650,93058
Pulderbos,2242,11033
Pulle,2243,11034
Purnode,5530,91110
Pussemange,5550,84053
PUTTE,2580,12029
PUURS,2870,12030
QUAREGNON,7390,53065
Quartes,7540,57068
Quenast,1430,25088
Queue-du-Bois,4610,62082
Quevaucamps,7972,51050
QUÉVY,7040,53084
Quévy-le-Grand,7040,53066
Quévy-le-Petit,7040,53067
QUIÉVRAIN,7380,53068
Rachecourt,6792,81018
Racour,4287,64062
RAEREN,4730,63061
Ragnies,6532,56060
Rahier,4987,63062
Ramegnies (-lez-Quevaucamps),7971,51051
Ramegnies-Chin,7520,57069
Ramelot,4557,61052
Ramet,,62083
RAMILLIES,1367,25122
Ramillies-Offus,1367,25089
Ramsdonk,1880,23067
Ramsel,2230,13034
Ramskapelle (Brugge),8301,31024
Ramskapelle (Veurne),8620,38020
Rance,6470,56061
Ransart,6043,52058
Ransberg,3470,24091
RANST,2520,11035
RAVELS,2380,13035
Rebaix,7804,51052
REBECQ,1430,25123
Rebecq-Rognon,1430,25090
Recht,4780,63063
Recogne,6800,84054
Redu,6890,84055
Reet,2840,11036
Rekem,3621,73064
Rekkem,8930,34032
Relegem,1731,23068
Remagne,6800,84056
Remersdaal,3791,73065
REMICOURT,4350,64063
RENDEUX,6987,83044
Reninge,8647,32021
Reningelst,8970,33023
Renlies,6500,56062
Reppel,3950,72031
Ressaix,7134,56063
Ressegem,9551,41058
Resteigne,6927,91111
RETIE,2470,13036
Retinne,4621,62084
Reuland,4790,63064
Rèves,6210,52059
Rhisnes,5080,92102
Richelle,4600,62085
RIEMST,3770,73066
Rienne,5575,91112
Rièzes,6464,56064
Rijkel,3840,73067
RIJKEVORSEL,2310,13037
Rijkhoven,3740,73068
Rijmenam,2820,12031
Riksingen,3700,73069
Rillaar,3202,24092
Rivière,5170,91113
RIXENSART,1330,25091
Robechies,6460,56065
Robelmont,6769,85028
Robertville,4950,63065
Roborst,9630,45040
ROCHEFORT,5580,91114
Rochehaut,6830,84057
Rocherath,4761,63066
Roclenge-sur-Geer,4690,62086
Rocourt,4000,62087
Roesbrugge-Haringe,8972,33024
ROESELARE,8800,36015
Rœulx,7070,55035
Rognée,5651,93059
Roisin,7387,53069
Roksem,8460,35015
Rollegem,8510,34033
Rollegem-Kapelle,8880,36016
Roloux,4347,62088
Roly,5600,93060
Romedenne,5600,93061
Romerée,5680,93062
Romershoven,3730,73070
Romsée,4624,62089
Rongy,7623,57070
Ronquières,7090,55036
RONSE,9600,45041
Ronsele,9932,44057
Roosbeek,3370,24093
ROOSDAAL,1760,23097
Rosée,5620,93063
Roselies,6250,52060
Rosières,1331,25092
Rosmeer,3740,73071
Rosoux-Crenwick,4257,64064
Rossignol,6730,85029
Rotem,3650,72032
Rotheux-Rimière,4120,62090
ROTSELAAR,3110,24094
Roucourt,7601,57071
Rouveroy,7120,56066
Rouvreux,4140,62091
ROUVROY,6767,85047
Roux,6044,52061
Roux-Miroir,1315,25093
Roy,6900,83045
Rozebeke,9630,45042
Ruddervoorde,8020,31025
Ruette,6760,85030
Ruien,9690,45043
Ruisbroek (-bij-Brussel),1601,23069
Ruisbroek (-bij-Puurs),2870,12032
RUISELEDE,8755,37012
Rukkelingen-Loon,3870,73072
Rulles,6724,85031
Rumbeke,8800,36017
RUMES,7610,57072
Rumillies,7540,57073
Rummen,3454,24095
Rumsdorp,3400,24096
RUMST,2840,11037
Runkelen,3803,71050
Rupelmonde,9150,46018
Russeignies,7750,57074
Rutten,3700,73073
Saint-Amand,6221,52062
Saint-André,4606,62092
Saint-Aubin,5620,93064
Saint-Denis,7034,55037
Saint-Denis (-Bovesse),5081,92103
Sainte-Cécile,6820,85032
Sainte-Marie,6800,84058
Sainte-Marie (-sur-Semois),6740,85033
Sainte-Marie-Chevigny,6800,84058
SAINTE-ODE,6680,82038
Saintes,1480,25097
Saint-Georges,4470,64065
SAINT-GEORGES-SUR-MEUSE,4470,64065
Saint-Gérard,5640,92104
Saint-Germain,5310,92105
Saint-Géry,1450,25094
SAINT-GHISLAIN,7330,53070
SAINT-GILLES,1060,21013
SAINT-HUBERT,6870,84059
Saint-Jean-Geest,1370,25095
SAINT-JOSSE-TEN-NOODE,1210,21014
SAINT-LÉGER,6747,85034
Saint-Léger (-lez-Pecq),7730,57075
Saint-Marc,5003,92106
Saint-Mard,6762,85035
Saint-Martin,5190,92107
Saint-Maur,7500,57076
Saint-Médard,6887,84060
SAINT-NICOLAS,4420,62093
Saint-Pierre,6800,84061
Saint-Rémy,6460,56067
Saint-Remy (-lez-Dalhem),4672,62094
Saint-Remy-Geest,1370,25096
Saint-Sauveur,7912,51053
Saint-Servais,5002,92108
Saint-Séverin,4550,61053
Saint-Symphorien,7030,53071
Saint-Vaast,7100,55038
Saint-Vincent,6730,85036
Saive,4671,62095
Salles,6460,56068
Samart,5600,93065
SAMBREVILLE,5060,92137
Samrée,6982,83046
SANKT VITH,4780,63067
Sars-la-Bruyère,7080,53072
Sars-la-Buissière,6542,56069
Sart (-lez-Spa),4845,63068
Sart-Bernard,5330,92109
Sart-Custinne,5575,91115
Sart-Dames-Avelines,1495,25098
Sart-en-Fagne,5600,93066
Sart-Eustache,5070,92110
Sart-Saint-Laurent,5070,92111
Sautin,6470,56070
Sautour,5600,93067
Sauvenière,5030,92112
SCHAERBEEK,1030,21015
Schaffen,3290,24097
Schalkhoven,3732,73074
Schaltin,5364,91116
Schelderode,9820,44058
Scheldewindeke,9860,44059
SCHELLE,2627,11038
Schellebelle,9260,42018
Schendelbeke,9506,41059
Schepdaal,1703,23070
Scherpenheuvel,3270,24098
SCHERPENHEUVEL-ZICHEM,3270,24134
SCHILDE,2970,11039
Schönberg,4782,63069
Schoonaarde,9200,42019
Schore,8433,35016
Schorisse,9688,45044
SCHOTEN,2900,11040
Schriek,2223,12033
Schuiferskapelle,8700,37013
Schulen,3540,71051
Sclayn,5300,92113
Scy,5361,91117
Seilles,5300,61054
Sélange,6781,81019
Seloignes,6596,56071
Semmerzake,9890,44060
SENEFFE,7180,52063
Sensenruth,6832,84062
Seny,4557,61055
Senzeille,5630,93068
Septon,6940,83047
SERAING,4100,62096
Seraing-le-Château,4537,61056
Serinchamps,5590,91118
Serskamp,9260,42020
Serville,5521,93069
'S Gravenvoeren,3798,73075
'S Gravenwezel,2970,11041
'S Herenelderen,3700,73076
Sibret,6640,82026
Sijsele,8340,31026
Silenrieux,5630,93070
SILLY,7830,55039
Sinaai,9112,46019
Sinsin,5377,91119
Sint-Agatha-Rode,3040,24099
SINT-AMANDS,2890,12034
Sint-Amandsberg,9040,44061
Sint-Andries (-bij-Brugge),8200,31027
Sint-Antelinks,9550,41060
Sint-Baafs-Vijve,8710,37014
Sint-Blasius-Boekel,9630,45045
Sint-Denijs,8554,34034
Sint-Denijs-Boekel,9630,45046
Sint-Eloois-Vijve,8793,34035
Sint-Eloois-Winkel,8880,36018
Sint-Genesius-Rode,1640,22004
SINT-GENESIUS-RODE ,1640,23101
Sint-Gillis-bij-Dendermonde,9200,42021
SINT-GILLIS-WAAS,9170,46020
Sint-Goriks-Oudenhove,9620,41061
Sint-Huibrechts-Hern,3730,73077
Sint-Huibrechts-Lille,3910,72033
Sint-Jacobs-Kapelle,8600,32022
Sint-Jan,8900,33025
Sint-Jan-in-Eremo,9982,43013
Sint-Job-in-'t-Goor,2960,11042
Sint-Joris,8620,38021
Sint-Joris (-ten-Distel),8730,31028
Sint-Joris-Weert,3051,24100
Sint-Joris-Winge,3390,24101
SINT-KATELIJNE-WAVER,2860,12035
Sint-Katherina-Lombeek,1742,23071
Sint-Kornelis-Horebeke,9667,45047
Sint-Kruis,8310,31029
Sint-Kruis-Winkel,9042,44063
Sint-Kwintens-Lennik,1750,23072
Sint-Lambrechts-Herk,3500,71052
SINT-LAUREINS,9980,43014
Sint-Laureins-Berchem,1600,23073
Sint-Lenaarts,2960,11043
Sint-Lievens-Esse,9550,41062
SINT-LIEVENS-HOUTEM,9520,41063
Sint-Margriete,9981,43015
Sint-Margriete (Kortenaken),3470,
Sint-Margriete (Tienen),3300,
Sint-Margriete-Houtem,3300,24102
Sint-Maria-Horebeke,9667,45048
Sint-Maria-Latem,9630,45049
Sint-Maria-Lierde,9570,45050
Sint-Maria-Oudenhove,9620,41064
Sint-Maria-Oudenhove (Brakel),9660,
Sint-Maria-Oudenhove (Zottegem),9620,
Sint-Martens-Bodegem,1700,23074
SINT-MARTENS-LATEM,9830,44064
Sint-Martens-Leerne,9800,44065
Sint-Martens-Lennik,1750,23075
Sint-Martens-Lierde,9572,45051
Sint-Martens-Voeren,3790,73078
Sint-Michiels,8200,31030
SINT-NIKLAAS,9100,46021
Sint-Pauwels,9170,46022
Sint-Pieters-Kapelle (Vlaams-Brabant),1541,23076
Sint-Pieters-Kapelle (West-Vlaanderen),8433,35017
SINT-PIETERS-LEEUW,1600,23077
Sint-Pieters-op-de-Dijk,8000,31044
Sint-Pieters-Rode,3220,24103
Sint-Pieters-Voeren,3792,73079
Sint-Rijkers,8690,38022
Sint-Stevens-Woluwe,1932,23078
SINT-TRUIDEN,3800,71053
Sint-Ulriks-Kapelle,1700,23079
Sippenaeken,4851,63070
Sirault,7332,53073
Sivry,6470,56072
SIVRY-RANCE,6470,56088
Sleidinge,9940,44066
Slijpe,8433,35018
Slins,4450,62097
Sluizen,3700,73080
Smeerebbe-Vloerzegem,9506,41065
Smetlede,9340,41066
Smuid,6890,84063
Snaaskerke,8470,35019
Snellegem,8490,31031
Soheit-Tinlot,4557,61057
Sohier,6920,84064
SOIGNIES,7060,55040
Soiron,4861,63071
Solre-Saint-Géry,6500,56073
Solre-sur-Sambre,6560,56074
SOMBREFFE,5140,92114
SOMME-LEUZE,5377,91120
Sommethonne,6769,85037
Sommière,5523,91121
Somzée,5651,93071
Sorée,5340,92115
Sorinne-la-Longue,5333,92116
Sorinnes,5503,91122
Sosoye,5537,92117
Sougné-Remouchamps,4920,62098
Soulme,5680,93072
SOUMAGNE,4630,62099
Soumoy,5630,93073
Souvret,6182,52064
Sovet,5590,91123
Soy,6997,83048
Soye,5150,92118
SPA,4900,63072
Spalbeek,3510,71054
Spermalie,8433,35028
Spiennes,7032,53074
Spiere,8587,34036
SPIERE-HELKIJN,8587,34043
Spontin,5530,91124
Spouwen,3740,73108
SPRIMONT,4140,62100
Spy,5190,92119
STABROEK,2940,11044
STADEN,8840,36019
Stalhille,8490,31032
Stambruges,7973,51054
Stave,5646,93074
Stavele,8691,38023
STAVELOT,4970,63073
Steendorp,9140,46023
Steenhuffel,1840,23080
Steenhuize-Wijnhuize,9550,41067
Steenkerke,8630,38024
Steenkerque,7090,55041
STEENOKKERZEEL,1820,23081
STEKENE,9190,46024
Stembert,4801,63074
Stembert-Heusy,,63091
Stene,8400,35020
Sterrebeek,1933,23082
Stevoort,3512,71055
Stokkem,3650,73081
Stokrooie,3511,71056
STOUMONT,4987,63075
Stuivekenskerke,8600,32023
Suarlée,5020,92120
Sugny,5550,84066
Surice,5600,93075
Suxy,6812,84067
Tailles,6661,82027
Taintignies,7618,57077
Tamines,5060,92121
Tarcienne,5651,93076
Tavier,4163,61059
Taviers,5310,92122
Tavigny,6662,82028
TELLIN,6927,84068
Templeuve,7520,57078
Temploux,5020,92123
TEMSE,9140,46025
TENNEVILLE,6970,83049
Teralfene,1790,23085
Terhagen,2840,11045
Termes,6813,85038
TERNAT,1740,23086
TERVUREN,3080,24104
Terwagne,4560,61060
TESSENDERLO,3980,71057
Testelt,3272,24105
Teuven,3793,73082
THEUX,4910,63076
Thiaumont,6717,81020
Thieu,7070,55043
Thieulain,7901,57079
Thieusies,7061,55044
Thiméon,6230,52065
Thimister,4890,63077
THIMISTER-CLERMONT,4890,63089
Thimougies,7533,57080
Thines,1402,25099
Thirimont,6500,56076
Thisnes,4280,64066
Thommen,4791,63078
Thon,5300,92124
Thorembais-les-Béguines,1360,25100
Thorembais-Saint-Trond,1360,25101
Thoricourt,7830,55045
Thuillies,6536,56077
THUIN,6530,56078
Thulin,7350,53076
Thumaide,7971,51055
Thy-le-Bauduin,5621,93077
Thy-le-Château,5651,93078
Thynes,5502,91125
Thys,4367,64067
Tiegem,8573,34037
Tielen,2460,13038
Tielrode,9140,46026
TIELT,8700,37015
TIELT-WINGE,3390,24135
TIENEN,3300,24107
Tignée,4630,62123
Tihange,4500,61061
Tildonk,3150,24108
Tilff,4130,62101
Tillet,6680,82029
Tilleur,4420,62102
Tillier,5380,92125
Tilly,1495,25102
TINLOT,4557,61081
Tintange,6637,82030
TINTIGNY,6730,85039
Tisselt,2830,12036
Tohogne,6941,83050
Tollembeek,1570,23087
TONGEREN,3700,73083
Tongerlo (-bij-Geel),2260,13039
Tongerlo (-bij-Maaseik),3960,72034
Tongre-Saint-Martin,7950,51057
Tongrinne,5140,92126
Tontelange,6717,81022
Torgny,6767,85040
TORHOUT,8820,31033
Tourinne (-la-Chaussée),4263,64068
Tourinnes-la-Grosse,1320,25103
Tourinnes-Saint-Lambert,1457,25104
TOURNAI,7500,57081
Tournay,6840,84069
Tourpes,7904,51058
Transinne,6890,84070
Trazegnies,6183,52066
Treignes,5670,93079
Trembleur,4670,62103
TREMELO,3120,24109
Trivières,7100,55046
Trognée,4280,64069
TROIS-PONTS,4980,63086
TROOZ,4870,62122
TUBIZE,1480,25105
TURNHOUT,2300,13040
UCCLE,1180,21016
Ucimont,6833,84071
Uikhoven,3631,73084
Uitbergen,9290,42022
Uitkerke,8370,31034
Ulbeek,3832,73085
Upigny,5310,92127
Ursel,9910,44067
Vaalbeek,3054,24110
Val-Meer,3770,73086
Vance,6741,85041
Varendonk,2431,13041
Varsenare,8490,31035
Vaucelles,5680,93080
Vaulx,7536,57082
Vaulx (-lez-Chimay),6462,56079
Vaux-Chavanne,6960,83051
Vaux-et-Borset,4530,61062
Vaux-lez-Rosières,6640,82031
Vaux-sous-Chèvremont,4051,62104
VAUX-SUR-SÛRE,6640,82036
Vechmaal,3870,73087
Vedrin,5020,92128
Veerle,2431,13042
Velaine,5060,92129
Velaines,7760,57083
Veldegem,8210,31036
Veldwezelt,3620,73088
Vellereille-les-Brayeux,7120,56080
Vellereille-le-Sec,7120,55047
Velm,3806,71058
Velroux,4460,62105
Veltem-Beisem,3020,24111
Velzeke-Ruddershove,9620,41069
Vencimont,5575,91126
Vergnies,6440,56081
VERLAINE,4537,61063
Verlée,5370,91127
Verrebroek,9130,46027
VERVIERS,4800,63079
Vesqueville,6870,84072
Veulen,3870,73089
VEURNE,8630,38025
Vezin,5300,92130
Vezon,7538,57084
Viane,9500,41070
Vichte,8570,34038
VIELSALM,6690,82032
Viemme,4317,64070
Viersel,2240,11046
Vierset-Barse,4577,61064
Vierves,5670,93081
Vierves-sur-Viroin,5670,93081
Viesville,6230,52067
Vieux-Genappe,1472,25106
Vieuxville,4190,61065
Vieux-Waleffe,4530,61066
Villance,6890,84073
Ville-en-Hesbaye,4260,64071
Ville-Pommerœul,7322,51059
Villerot,7334,53077
Villers-aux-Tours,4161,61067
Villers-Deux-Églises,5630,93082
Villers-devant-Orval,6823,85042
Villers-en-Fagne,5600,93083
Villers-la-Bonne-Eau,6600,82033
Villers-la-Loue,6769,85043
Villers-la-Tour,6460,56082
VILLERS-LA-VILLE,1495,25107
VILLERS-LE-BOUILLET,4530,61068
Villers-le-Gambon,5600,93084
Villers-le-Peuplier,4280,64072
Villers-le-Temple,4550,61069
Villers-l'Évêque,4340,62106
Villers-lez-Heest,5080,92131
Villers-Perwin,6210,52068
Villers-Poterie,6280,52069
Villers-Saint-Amand,7812,51061
Villers-Saint-Ghislain,7031,55048
Villers-Saint-Siméon,4453,62107
Villers-sur-Lesse,5580,91128
Villers-sur-Semois,6740,85044
Ville-sur-Haine,7070,55049
Ville-sur-Haine (Le Rœulx),7070,
Ville-sur-Haine (Mons),7021,
VILVOORDE,1800,23088
Vinalmont,4520,61070
Vinderhoute,9921,44068
Vinkem,8630,38026
Vinkt,9800,44069
Virelles,6461,56083
Virginal-Samme,1460,25108
VIROINVAL,5670,93090
VIRTON,6760,85045
VISÉ,4600,62108
Vissenaken,3300,24113
Vissoul,,61084
Vivegnis,4683,62109
Vivy,6833,84074
Vladslo,8600,32024
Vlamertinge,8908,33026
Vlekkem,9420,41071
VLETEREN,8640,33041
Vlezenbeek,1602,23089
Vliermaal,3724,73090
Vliermaalroot,3721,73091
Vlierzele,9520,41072
Vlijtingen,3770,73092
Vlimmeren,2340,13043
Vlissegem,8421,35021
Vodecée,5600,93085
Vodelée,5680,93086
VOEREN,3790,73109
Vogenée,5650,93087
Volkegem,9700,45052
Vollezele,1570,23090
Vonêche,5570,91129
Voorde,9400,41073
Voormezele,8902,33027
Voort,3840,73093
Voroux-Goreux,4347,62110
Voroux-lez-Liers,4451,62111
VORSELAAR,2290,13044
Vorsen,3890,71059
Vorst ,2430,13045
VOSSELAAR,2350,13046
Vosselare,9850,44070
Vossem,3080,24114
Vottem,4041,62112
Vrasene,9120,46028
Vremde,2531,11047
Vreren,3700,73094
Vresse,5550,91130
VRESSE-SUR-SEMOIS,5550,91143
Vroenhoven,3770,73095
Vucht,3630,73096
Vurste,9890,44071
Vyle-et-Tharoul,4570,61071
Waanrode,3473,24115
Waarbeke,9506,41074
Waardamme,8020,31037
Waarloos,2550,11048
Waarmaarde,8581,34039
WAARSCHOOT,9950,44072
Waasmont,3401,24116
WAASMUNSTER,9250,42023
WACHTEBEKE,9185,44073
Wadelincourt,7971,51062
Wagnelée,6223,52070
Waha,6900,83053
Waillet,5377,91131
WAIMES,4950,63080
Wakken,8720,37016
WALCOURT,5650,93088
Walem,2800,12037
WALHAIN,1457,25124
Walhain-Saint-Paul,1457,25109
Walhorn,4711,63081
Walsbets,3401,24117
Walshoutem,3401,24118
Waltwilder,3740,73097
Wambeek,1741,23091
Wancennes,5570,91132
Wandre,4020,62113
Wanfercée-Baulet,6224,52071
Wange,3400,24119
Wangenies,6220,52072
Wanlin,5564,91133
Wanne,4980,63082
Wannebecq,7861,55051
Wannegem-Lede,9772,45053
Wansin,4280,64073
WANZE,4520,61072
Wanzele,9340,41075
Warchin,7548,57085
Warcoing,7740,57086
Wardin,6600,82034
WAREGEM,8790,34040
WAREMME,4300,64074
Waret-la-Chaussée,5310,92133
Waret-l'Évêque,4217,61073
Warisoulx,5080,92134
Warnant,5537,91134
Warnant-Dreye,4530,61074
Warneton,7784,54009
Warquignies,7340,53078
Warsage,4608,62114
Warzée,4590,61075
Wasmes,7340,53079
Wasmes-Audemez-Briffœil,7604,57087
Wasmuel,7390,53080
WASSEIGES,4219,64075
Waterland-Oudeman,9988,43016
WATERLOO,1410,25110
WATERMAEL-BOITSFORT,1170,21017
Watervliet,9988,43017
Watou,8978,33028
Waudrez,7131,56084
Waulsort,5540,91135
Wauthier-Braine,1440,25111
WAVRE,1300,25112
Wavreille,5580,91136
Wayaux,6210,52073
Ways,1474,25113
Webbekom,3290,24120
Wechelderzande,2275,13047
Weelde,2381,13048
Weerde,1982,23092
Weert (-bij-Puurs),2880,12038
Wegnez,4860,63083
Weillen,5523,91137
Welden,9700,45054
WELKENRAEDT,4840,63084
Welle,9473,41076
WELLEN,3830,73098
WELLIN,6920,84075
Wemmel,1780,22005
WEMMEL ,1780,23102
Wenduine,8420,31038
Wépion,5100,92135
Werbomont,4190,61076
Werchter,3118,24121
Wéris,6940,83054
Werken,8610,32025
Werm,3730,73099
WERVIK,8940,33029
Wespelaar,3150,24122
Westende,8434,35022
WESTERLO,2260,13049
Westkapelle,8300,31039
Westkerke,8460,35023
Westmalle,2390,11049
Westmeerbeek,2235,13050
Westouter,8954,33030
Westvleteren,8640,33031
WETTEREN,9230,42025
WEVELGEM,8560,34041
Wezemaal,3111,24123
Wezembeek-Oppem,1970,22006
WEZEMBEEK-OPPEM ,1970,23103
Wezeren,3401,24124
Wez-Velvain,7620,57089
Wibrin,6666,82035
WICHELEN,9260,42026
Widooie,3700,73100
Wiekevorst,2222,12039
WIELSBEKE,8710,37017
Wierde,5100,92136
Wiers,7608,57090
Wiesme,5571,91138
Wieze,9280,42027
Wihéries,7370,53081
Wihogne,4452,62115
Wijchmaal,3990,72035
Wijer,3850,71060
WIJNEGEM,2110,11050
Wijshagen,3670,72036
Wijtschate,8953,33032
Wilderen,3803,71061
Willaupuis,7904,57091
Willebringen,3370,24125
WILLEBROEK,2830,12040
Willemeau,7506,57092
Willerzie,5575,91139
Wilmarsdonk,2040,11062
Wilrijk,2610,11051
Wilsele,3012,24126
Wilskerke,8431,35024
Wimmertingen,3501,71062
Winenne,5570,91140
WINGENE,8750,37018
Winksele,3020,24127
Wintershoven,3722,73101
Wodecq,7890,51063
Woesten,8640,33033
Wolkrange,6780,81023
WOLUWE-SAINT-LAMBERT,1200,21018
WOLUWE-SAINT-PIERRE,1150,21019
Wolvertem,1861,23093
WOMMELGEM,2160,11052
Wommersom,3350,24128
Wonck,4690,62116
Wondelgem,9032,44074
Wontergem,9800,44075
Wortegem,9790,45055
WORTEGEM-PETEGEM,9790,45061
Wortel,2323,13051
Woubrechtegem,9550,41077
Woumen,8600,32026
Wulpen,8670,38027
Wulvergem,8952,33034
Wulveringem,8630,38028
WUUSTWEZEL,2990,11053
Xhendelesse,4652,63085
Xhendremael,4432,62117
Xhoris,4190,61077
Yernée-Fraineux,4550,61078
Yves-Gomezée,5650,93089
YVOIR,5530,91141
Zaffelare,9080,44076
Zandbergen,9506,41078
Zande,8680,35025
ZANDHOVEN,2240,11054
Zandvliet,2040,11700
Zandvoorde (Ieper),8980,33035
Zandvoorde (Oostende),8400,35026
Zarlardinge,9500,41079
Zarren,8610,32027
Zarren-Werken,8610,32029
ZAVENTEM,1930,23094
ZEDELGEM,8210,31040
Zegelsem,9660,45056
ZELE,9240,42028
Zelem,3545,71063
Zellik,1731,23095
ZELZATE,9060,43018
ZEMST,1980,23096
Zepperen,3800,71064
Zerkegem,8490,31041
Zevekote,8470,35027
Zeveneken,9080,44077
Zeveren,9800,44078
Zevergem,9840,44079
Zichem,3271,24129
Zichen-Zussen-Bolder,3770,73102
Zillebeke,8902,33036
ZINGEM,9750,45057
Zoerle-Parwijs,2260,13052
ZOERSEL,2980,11055
Zolder,3550,71065
ZOMERGEM,9930,44080
ZONHOVEN,3520,71066
ZONNEBEKE,8980,33037
Zonnegem,9520,41080
ZOTTEGEM,9620,41081
Zoutenaaie,8630,38029
ZOUTLEEUW,3440,24130
Zuidschote,8904,33038
ZUIENKERKE,8377,31042
ZULTE,9870,44081
Zulzeke,9690,45058
ZUTENDAAL,3690,71067
ZWALM,9630,45065
ZWEVEGEM,8550,34042
Zwevezele,8750,37019
Zwijnaarde,9052,44082
ZWIJNDRECHT,2070,11056
